userId,first_name,last_name,phone,email,password,ratingCount
1,James,Butt,504-621-8927,jbutt@gmail.com,TCayBJj8,239
2,Josephine,Darakjy,810-292-9388,josephine_darakjy@darakjy.org,DN2mcQWX,30
3,Art,Venere,856-636-8749,art@venere.org,DXm8vz3T,39
4,Lenna,Paprocki,907-385-4412,lpaprocki@hotmail.com,jx2AJpEq,216
5,Donette,Foller,513-570-1893,donette.foller@cox.net,GtZAn5eD,44
6,Simona,Morasca,419-503-2484,simona@morasca.com,7KxBbLd3,314
7,Mitsue,Tollner,773-573-6914,mitsue_tollner@yahoo.com,LCfkcU8B,152
8,Leota,Dilliard,408-752-3500,leota@hotmail.com,KD4NFxw5,47
9,Sage,Wieser,605-414-2147,sage_wieser@cox.net,gKfDRx4w,46
10,Kris,Marrier,410-655-8723,kris@gmail.com,bfQ8n3R5,140
11,Minna,Amigon,215-874-1229,minna_amigon@yahoo.com,F6RUVbY4,64
12,Abel,Maclead,631-335-3414,amaclead@gmail.com,X4Qap95n,32
13,Kiley,Caldarera,310-498-5651,kiley.caldarera@aol.com,w7Yj8vD6,31
14,Graciela,Ruta,440-780-8425,gruta@cox.net,BGL5qtTj,48
15,Cammy,Albares,956-537-6195,calbares@gmail.com,6cGpFX3S,135
16,Mattie,Poquette,602-277-4385,mattie@aol.com,YT9vnN7s,98
17,Meaghan,Garufi,931-313-9635,meaghan@hotmail.com,nUuW4G5E,105
18,Gladys,Rim,414-661-9598,gladys.rim@rim.org,dC7kbB2Y,502
19,Yuki,Whobrey,313-288-7937,yuki_whobrey@aol.com,HgBp6meV,703
20,Fletcher,Flosi,815-828-2147,fletcher.flosi@yahoo.com,B3UuxEGZ,242
21,Bette,Nicka,610-545-3615,bette_nicka@cox.net,SnaQDZP2,443
22,Veronika,Inouye,408-540-1785,vinouye@aol.com,uPDVrp9G,119
23,Willard,Kolmetz,972-303-9197,willard@hotmail.com,4nvPMgjz,121
24,Maryann,Royster,518-966-7987,mroyster@royster.com,8XVJxz3f,110
25,Alisha,Slusarski,732-658-3154,alisha@slusarski.com,s5M6dHCj,26
26,Allene,Iturbide,715-662-6764,allene_iturbide@cox.net,P2e4dfGC,21
27,Chanel,Caudy,913-388-2079,chanel.caudy@caudy.org,nzXVRHF2,135
28,Ezekiel,Chui,410-669-1642,ezekiel@chui.com,7eLWPzrd,570
29,Willow,Kusko,212-582-4976,wkusko@yahoo.com,GVjpXf5Q,81
30,Bernardo,Figeroa,936-336-3951,bfigeroa@aol.com,z2PDSf39,34
31,Ammie,Corrio,614-801-9788,ammie@corrio.com,YwtUyE7s,50
32,Francine,Vocelka,505-977-3911,francine_vocelka@vocelka.com,s9hR8emH,102
33,Ernie,Stenseth,201-709-6245,ernie_stenseth@aol.com,YXqyT2uA,156
34,Albina,Glick,732-924-7882,albina@glick.com,NyKfsm3R,86
35,Alishia,Sergi,212-860-1579,asergi@gmail.com,f3LpxD4B,23
36,Solange,Shinko,504-979-9175,solange@shinko.com,pbuJR362,60
37,Jose,Stockham,212-675-8570,jose@yahoo.com,yQHzP3Zm,21
38,Rozella,Ostrosky,805-832-6163,rozella.ostrosky@ostrosky.com,76vXVLUC,78
39,Valentine,Gillian,210-812-9597,valentine_gillian@gmail.com,sKd3WxzC,100
40,Kati,Rulapaugh,785-463-7829,kati.rulapaugh@hotmail.com,Y2gJSMtb,103
41,Youlanda,Schemmer,541-548-8197,youlanda@aol.com,95cRgvHM,217
42,Dyan,Oldroyd,913-413-4604,doldroyd@aol.com,yDWe5t36,440
43,Roxane,Campain,907-231-4722,roxane@hotmail.com,wPUJjuC6,114
44,Lavera,Perin,305-606-7291,lperin@perin.org,dj6GEALJ,48
45,Erick,Ferencz,907-741-1044,erick.ferencz@aol.com,9yvVPUpA,399
46,Fatima,Saylors,952-768-2416,fsaylors@saylors.org,xLX2cb7d,42
47,Jina,Briddick,617-399-5124,jina_briddick@briddick.com,yjdc2Pn4,140
48,Kanisha,Waycott,323-453-2780,kanisha_waycott@yahoo.com,XyfLAz2c,33
49,Emerson,Bowley,608-336-7444,emerson.bowley@bowley.org,ETNz4FLv,21
50,Blair,Malet,215-907-9111,bmalet@yahoo.com,wxnz8aPf,310
51,Brock,Bolognia,212-402-9216,bbolognia@yahoo.com,SVmDGx9c,359
52,Lorrie,Nestle,931-875-6644,lnestle@hotmail.com,L8dSwcFG,130
53,Sabra,Uyetake,803-925-5213,sabra@uyetake.org,g5E3GW4F,20
54,Marjory,Mastella,610-814-5533,mmastella@mastella.com,YuM8zwWx,33
55,Karl,Klonowski,908-877-6135,karl_klonowski@yahoo.com,r2W7kNM3,25
56,Tonette,Wenner,516-968-6051,twenner@aol.com,pLhSC7ZR,46
57,Amber,Monarrez,215-934-8655,amber_monarrez@monarrez.org,zUJ7nqvb,476
58,Shenika,Seewald,818-423-4007,shenika@gmail.com,EvBL3sWy,112
59,Delmy,Ahle,401-458-2547,delmy.ahle@hotmail.com,7jQPyXEM,107
60,Deeanna,Juhas,215-211-9589,deeanna_juhas@gmail.com,z37tXdsf,22
61,Blondell,Pugh,401-960-8259,bpugh@aol.com,TgfZmF7v,39
62,Jamal,Vanausdal,732-234-1546,jamal@vanausdal.org,8FMX3Vjw,366
63,Cecily,Hollack,512-486-3817,cecily@hollack.org,L9xVNRjP,271
64,Carmelina,Lindall,303-724-7371,carmelina_lindall@lindall.com,v7xYqcCT,517
65,Maurine,Yglesias,414-748-1374,maurine_yglesias@yglesias.com,tbSN6n9v,34
66,Tawna,Buvens,212-674-9610,tawna@gmail.com,T9kM8Ra6,345
67,Penney,Weight,907-797-9628,penney_weight@aol.com,meywq3WZ,36
68,Elly,Morocco,814-393-5571,elly_morocco@gmail.com,GkQpc8WM,1260
69,Ilene,Eroman,410-914-9018,ilene.eroman@hotmail.com,zBuJw43H,46
70,Vallie,Mondella,208-862-5339,vmondella@mondella.com,vCN5xQDb,62
71,Kallie,Blackwood,415-315-2761,kallie.blackwood@gmail.com,w49zYWmC,35
72,Johnetta,Abdallah,919-225-9345,johnetta_abdallah@aol.com,qu9hJSL3,45
73,Bobbye,Rhym,650-528-5783,brhym@rhym.com,bqw47ZQF,210
74,Micaela,Rhymes,925-647-3298,micaela_rhymes@gmail.com,Z4RCFLgT,177
75,Tamar,Hoogland,740-343-8575,tamar@hotmail.com,q3pDywGb,69
76,Moon,Parlato,585-866-8313,moon@yahoo.com,7nmvqXTG,119
77,Laurel,Reitler,410-520-4832,laurel_reitler@reitler.com,j9NQYHWV,29
78,Delisa,Crupi,973-354-2040,delisa.crupi@crupi.com,C32DMUFw,61
79,Viva,Toelkes,773-446-5569,viva.toelkes@gmail.com,dnx6XV8t,64
80,Elza,Lipke,973-927-3447,elza@yahoo.com,PRuSN5zF,167
81,Devorah,Chickering,505-975-8559,devorah@hotmail.com,hyfw6azA,26
82,Timothy,Mulqueen,718-332-6527,timothy_mulqueen@mulqueen.org,5T4fkKBq,227
83,Arlette,Honeywell,904-775-4480,ahoneywell@honeywell.com,mKkdCng4,118
84,Dominque,Dickerson,510-993-3758,dominque.dickerson@dickerson.org,7NYJKXwk,293
85,Lettie,Isenhower,216-657-7668,lettie_isenhower@yahoo.com,Me3YJwNR,34
86,Myra,Munns,817-914-7518,mmunns@cox.net,WaAPKFm6,70
87,Stephaine,Barfield,310-774-7643,stephaine@barfield.com,tQc9yvsz,21
88,Lai,Gato,847-728-7286,lai.gato@gato.org,ybK4kSvX,56
89,Stephen,Emigh,330-537-5358,stephen_emigh@hotmail.com,Kmyt3Anz,518
90,Tyra,Shields,215-255-1641,tshields@gmail.com,fSyx7Ppm,54
91,Tammara,Wardrip,650-803-1936,twardrip@cox.net,UgE52rAQ,575
92,Cory,Gibes,626-572-1096,cory.gibes@gmail.com,vEB7f8x3,24
93,Danica,Bruschke,254-782-8569,danica_bruschke@gmail.com,ncHC3Xbu,97
94,Wilda,Giguere,907-870-5536,wilda@cox.net,CjzqgLe8,56
95,Elvera,Benimadho,408-703-8505,elvera.benimadho@cox.net,R6DtNWJw,168
96,Carma,Vanheusen,510-503-7169,carma@cox.net,3RaYJ6fn,78
97,Malinda,Hochard,317-722-5066,malinda.hochard@yahoo.com,VNudL4cM,36
98,Natalie,Fern,307-704-8713,natalie.fern@hotmail.com,cvym3Ykz,92
99,Lisha,Centini,703-235-3937,lisha@centini.org,L9qpsfv3,53
100,Arlene,Klusman,504-710-5840,arlene_klusman@gmail.com,JD3UbZum,148
101,Alease,Buemi,303-301-4946,alease@buemi.com,tjYB6qGF,61
102,Louisa,Cronauer,510-828-7047,louisa@cronauer.com,3YTuSL8J,56
103,Angella,Cetta,808-892-7943,angella.cetta@hotmail.com,sy5xvjZS,377
104,Cyndy,Goldammer,952-334-9408,cgoldammer@cox.net,jQSF4Vwp,273
105,Rosio,Cork,336-243-5659,rosio.cork@gmail.com,LKuCayB3,722
106,Celeste,Korando,516-509-2347,ckorando@hotmail.com,3qYst6w4,33
107,Twana,Felger,503-939-3153,twana.felger@felger.org,x4SBXp6E,34
108,Estrella,Samu,608-976-7199,estrella@aol.com,vdqZybn9,76
109,Donte,Kines,508-429-8576,dkines@hotmail.com,sLK6NzFT,127
110,Tiffiny,Steffensmeier,305-385-9695,tiffiny_steffensmeier@cox.net,rkmY3KAL,51
111,Edna,Miceli,814-460-2655,emiceli@miceli.org,3eKqT7hg,646
112,Sue,Kownacki,972-666-3413,sue@aol.com,XzxDU3R2,65
113,Jesusa,Shin,931-273-8709,jshin@shin.com,cC9T2VtJ,150
114,Rolland,Francescon,973-649-2922,rolland@cox.net,CLruFJ9D,31
115,Pamella,Schmierer,305-420-8970,pamella.schmierer@schmierer.org,nT2hz5S7,112
116,Glory,Kulzer,410-224-9462,gkulzer@kulzer.org,UQv3WzLm,87
117,Shawna,Palaspas,805-275-3566,shawna_palaspas@palaspas.org,Y6ADaMRc,165
118,Brandon,Callaro,808-215-6832,brandon_callaro@hotmail.com,JbVc92sB,22
119,Scarlet,Cartan,229-735-3378,scarlet.cartan@yahoo.com,FnsVmw7x,215
120,Oretha,Menter,617-418-5043,oretha_menter@yahoo.com,Nx4BWYDf,22
121,Ty,Smith,201-672-1553,tsmith@aol.com,9Nyr7nuq,58
122,Xuan,Rochin,650-933-5072,xuan@gmail.com,p8SGTMCZ,292
123,Lindsey,Dilello,909-639-9887,lindsey.dilello@hotmail.com,4MgcBQLZ,56
124,Devora,Perez,510-955-3016,devora_perez@perez.org,79MjhSqD,50
125,Herman,Demesa,518-497-2940,hdemesa@cox.net,a46MSHcu,360
126,Rory,Papasergi,570-867-7489,rpapasergi@cox.net,drDw6j5B,38
127,Talia,Riopelle,973-245-2133,talia_riopelle@aol.com,dCbTYDK7,22
128,Van,Shire,908-409-2890,van.shire@shire.com,L5TfbceE,33
129,Lucina,Lary,321-749-4981,lucina_lary@cox.net,M8fCd56X,140
130,Bok,Isaacs,718-809-3762,bok.isaacs@aol.com,E8cgA9Bt,28
131,Rolande,Spickerman,808-315-3077,rolande.spickerman@spickerman.com,8EzH4wWg,69
132,Howard,Paulas,303-623-4241,hpaulas@gmail.com,z4dGMKSe,347
133,Kimbery,Madarang,973-310-1634,kimbery_madarang@cox.net,bWVJ3sze,35
134,Thurman,Manno,609-524-3586,thurman.manno@yahoo.com,gyMLRAt8,35
135,Becky,Mirafuentes,908-877-8409,becky.mirafuentes@mirafuentes.com,Zz6Hw8tR,279
136,Beatriz,Corrington,508-584-4279,beatriz@yahoo.com,7eYXVtS3,111
137,Marti,Maybury,773-775-4522,marti.maybury@yahoo.com,ZRNf6ewm,141
138,Nieves,Gotter,503-527-5274,nieves_gotter@gmail.com,W4x2kD7N,22
139,Leatha,Hagele,214-339-1809,lhagele@cox.net,QZ629zUb,194
140,Valentin,Klimek,312-303-5453,vklimek@klimek.org,Xr4AvH32,608
141,Melissa,Wiklund,419-939-3613,melissa@cox.net,Zqe5NB98,168
142,Sheridan,Zane,951-645-3605,sheridan.zane@zane.com,w4yBXRMU,38
143,Bulah,Padilla,254-463-4368,bulah_padilla@hotmail.com,XEj8ZATu,71
144,Audra,Kohnert,615-406-7854,audra@kohnert.com,c4KWzLuk,128
145,Daren,Weirather,414-959-2540,dweirather@aol.com,Ma3XEA7V,23
146,Fernanda,Jillson,410-387-5260,fjillson@aol.com,yRjLc5p3,32
147,Gearldine,Gellinger,972-934-6914,gearldine_gellinger@gellinger.com,S689RjFd,20
148,Chau,Kitzman,310-560-8022,chau@gmail.com,Nxv4DwTc,48
149,Theola,Frey,516-948-5768,theola_frey@frey.com,5UCfJxVF,58
150,Cheryl,Haroldson,609-518-7697,cheryl@haroldson.org,pjyCMw3k,26
151,Laticia,Merced,513-508-7371,lmerced@gmail.com,wr2PQypq,59
152,Carissa,Batman,541-326-4074,carissa.batman@yahoo.com,sT6Qr7Jy,63
153,Lezlie,Craghead,919-533-3762,lezlie.craghead@craghead.org,jGUk3RYa,179
154,Ozell,Shealy,212-332-8435,oshealy@hotmail.com,vxbHLh7t,34
155,Arminda,Parvis,602-906-9419,arminda@parvis.com,5TRgmEZJ,46
156,Reita,Leto,317-234-1135,reita.leto@gmail.com,FWfh7LUD,398
157,Yolando,Luczki,315-304-4759,yolando@cox.net,tXCaz2E9,21
158,Lizette,Stem,856-487-5412,lizette.stem@aol.com,JRn7qrdX,26
159,Gregoria,Pawlowicz,516-212-1915,gpawlowicz@yahoo.com,Nm3sCEck,97
160,Carin,Deleo,501-308-1040,cdeleo@deleo.com,pLXfB9G4,437
161,Chantell,Maynerich,651-591-2583,chantell@yahoo.com,PyTYkH6F,39
162,Dierdre,Yum,215-325-3042,dyum@yahoo.com,djrFcfB9,38
163,Larae,Gudroe,985-890-7262,larae_gudroe@gmail.com,PBx5UmXC,23
164,Latrice,Tolfree,631-957-7624,latrice.tolfree@hotmail.com,PeCkq45Q,36
165,Kerry,Theodorov,916-591-3277,kerry.theodorov@gmail.com,qfMv6zK9,65
166,Dorthy,Hidvegi,208-649-2373,dhidvegi@yahoo.com,g7dyZrU8,190
167,Fannie,Lungren,512-587-5746,fannie.lungren@yahoo.com,yT7fxhuk,173
168,Evangelina,Radde,215-964-3284,evangelina@aol.com,7gdYhcuC,94
169,Novella,Degroot,808-477-4775,novella_degroot@degroot.org,Uxmg5NLE,269
170,Clay,Hoa,775-501-8109,choa@hoa.org,2DvLK8Pq,50
171,Jennifer,Fallick,847-979-9545,jfallick@yahoo.com,wL5vT8xQ,82
172,Irma,Wolfgramm,973-545-7355,irma.wolfgramm@hotmail.com,CLh9QkKc,26
173,Eun,Coody,864-256-3620,eun@yahoo.com,FAzjfBm8,25
174,Sylvia,Cousey,410-209-9545,sylvia_cousey@cousey.org,5U3sJtPK,67
175,Nana,Wrinkles,914-855-2115,nana@aol.com,uSY92Urt,24
176,Layla,Springe,212-260-3151,layla.springe@cox.net,NUzj2rJm,36
177,Joesph,Degonia,510-677-9785,joesph_degonia@degonia.org,9xAdBHMW,904
178,Annabelle,Boord,978-697-6263,annabelle.boord@cox.net,Hkdu832M,77
179,Stephaine,Vinning,415-767-6596,stephaine@cox.net,gShq24zp,69
180,Nelida,Sawchuk,201-971-1638,nelida@gmail.com,WxgjaS8b,24
181,Marguerita,Hiatt,925-634-7158,marguerita.hiatt@gmail.com,5caN2GnJ,118
182,Carmela,Cookey,773-494-4195,ccookey@cookey.org,UT4a7Sm9,977
183,Junita,Brideau,973-943-3423,jbrideau@aol.com,PzqLAj2g,57
184,Claribel,Varriano,419-544-4900,claribel_varriano@cox.net,ezAEdLG8,134
185,Benton,Skursky,310-579-2907,benton.skursky@aol.com,2z95cxPg,47
186,Hillary,Skulski,352-242-2570,hillary.skulski@aol.com,p8qgFcbT,226
187,Merilyn,Bayless,408-758-5015,merilyn_bayless@cox.net,aSHs4cWp,258
188,Teri,Ennaco,570-889-5187,tennaco@gmail.com,uEC6Uy4b,48
189,Merlyn,Lawler,201-588-7810,merlyn_lawler@hotmail.com,UFz8vtMf,20
190,Georgene,Montezuma,925-615-5185,gmontezuma@cox.net,fuaqxZG2,66
191,Jettie,Mconnell,908-802-3564,jmconnell@hotmail.com,N2dRpMV3,85
192,Lemuel,Latzke,631-748-6479,lemuel.latzke@gmail.com,cZztXBx9,22
193,Melodie,Knipp,805-690-1682,mknipp@gmail.com,EBaeAC4Z,35
194,Candida,Corbley,908-275-8357,candida_corbley@hotmail.com,NRPm6LZj,20
195,Karan,Karpin,503-940-8327,karan_karpin@gmail.com,Uq9sgFp6,187
196,Andra,Scheyer,503-516-2189,andra@gmail.com,FknZaP3U,32
197,Felicidad,Poullion,856-305-9731,fpoullion@poullion.com,8QNpMxDK,35
198,Belen,Strassner,770-507-8791,belen_strassner@aol.com,8PqXVSf4,230
199,Gracia,Melnyk,904-235-3633,gracia@melnyk.com,9K6Uceun,363
200,Jolanda,Hanafan,207-458-9196,jhanafan@gmail.com,829sDnVW,334
201,Barrett,Toyama,817-765-5781,barrett.toyama@toyama.org,A94JeGDr,110
202,Helga,Fredicks,716-752-4114,helga_fredicks@yahoo.com,LP5uXDs6,403
203,Ashlyn,Pinilla,305-670-9628,apinilla@cox.net,c5AawT3F,45
204,Fausto,Agramonte,212-313-1783,fausto_agramonte@yahoo.com,DJqArP3m,83
205,Ronny,Caiafa,215-605-7570,ronny.caiafa@caiafa.org,Xfbw9Gjh,27
206,Marge,Limmel,850-430-1663,marge@gmail.com,8d6ejGpB,25
207,Norah,Waymire,415-306-7897,norah.waymire@gmail.com,ck8mGdAx,20
208,Aliza,Baltimore,408-504-3552,aliza@aol.com,Btfk7yRr,26
209,Mozell,Pelkowski,650-947-1215,mpelkowski@pelkowski.org,ch2nWvYp,35
210,Viola,Bitsuie,818-864-4875,viola@gmail.com,Jn3qSRMA,138
211,Franklyn,Emard,215-558-8189,femard@emard.com,9RsHeT6Y,89
212,Willodean,Konopacki,337-253-8384,willodean_konopacki@konopacki.org,Nevjh4gK,248
213,Beckie,Silvestrini,313-533-4884,beckie.silvestrini@silvestrini.com,qJ94muAX,84
214,Rebecka,Gesick,512-213-8574,rgesick@gesick.org,3Kn6XR2C,22
215,Frederica,Blunk,214-428-2285,frederica_blunk@gmail.com,zqPgUYL4,98
216,Glen,Bartolet,206-697-5796,glen_bartolet@hotmail.com,JS5f9nUw,164
217,Freeman,Gochal,610-476-3501,freeman_gochal@aol.com,As78ySxd,613
218,Vincent,Meinerding,215-372-1718,vincent.meinerding@hotmail.com,THr832a7,26
219,Rima,Bevelacqua,310-858-5079,rima@cox.net,LQP6ERt2,528
220,Glendora,Sarbacher,707-653-8214,gsarbacher@gmail.com,hQrLH5yj,207
221,Avery,Steier,407-808-9439,avery@cox.net,V3WASv2s,331
222,Cristy,Lother,760-971-4322,cristy@lother.com,zetUR42L,250
223,Nicolette,Brossart,508-837-9230,nicolette_brossart@brossart.com,yQxA3Zu7,75
224,Tracey,Modzelewski,936-264-9294,tracey@hotmail.com,F5ty36uW,54
225,Virgina,Tegarden,414-214-8697,virgina_tegarden@tegarden.com,2qtME5yN,75
226,Tiera,Frankel,626-636-4117,tfrankel@aol.com,GwykTXS6,507
227,Alaine,Bergesen,914-300-9193,alaine_bergesen@cox.net,XLz62sxT,94
228,Earleen,Mai,214-289-1973,earleen_mai@cox.net,5VdJsLew,25
229,Leonida,Gobern,228-235-5615,leonida@gobern.org,CKdm9RVb,65
230,Ressie,Auffrey,305-604-8981,ressie.auffrey@yahoo.com,6yXwRsqA,139
231,Justine,Mugnolo,212-304-9225,jmugnolo@yahoo.com,CWAT8djz,24
232,Eladia,Saulter,201-474-4924,eladia@saulter.com,9SX2yAxY,862
233,Chaya,Malvin,734-928-5182,chaya@malvin.com,tsjwh6EC,150
234,Gwenn,Suffield,631-258-6558,gwenn_suffield@suffield.org,bqR38x9J,202
235,Salena,Karpel,330-791-8557,skarpel@cox.net,wQ8qhPmF,65
236,Yoko,Fishburne,203-506-4706,yoko@fishburne.com,DzM4Vx9N,30
237,Taryn,Moyd,703-322-4041,taryn.moyd@hotmail.com,2Jn3PLuv,50
238,Katina,Polidori,978-626-2978,katina_polidori@aol.com,xEnzN75m,44
239,Rickie,Plumer,419-693-1334,rickie.plumer@aol.com,N7Ld5nft,279
240,Alex,Loader,253-660-7821,alex@loader.com,cQat2VAY,128
241,Lashon,Vizarro,916-741-7884,lashon@aol.com,EX6fqBSP,76
242,Lauran,Burnard,307-342-7795,lburnard@burnard.com,qmagYBK6,35
243,Ceola,Setter,207-627-7565,ceola.setter@setter.org,4Cehs6BH,36
244,My,Rantanen,215-491-5633,my@hotmail.com,8rw2eJ6Y,93
245,Lorrine,Worlds,813-769-2939,lorrine.worlds@worlds.com,E2GPuKMd,21
246,Peggie,Sturiale,619-608-1763,peggie@cox.net,LZyS3FbQ,204
247,Marvel,Raymo,979-718-8968,mraymo@yahoo.com,Sbj378Fp,150
248,Daron,Dinos,847-233-3075,daron_dinos@cox.net,G9m5HTkJ,51
249,An,Fritz,609-228-5265,an_fritz@hotmail.com,NF9hqmaS,1046
250,Portia,Stimmel,908-722-7128,portia.stimmel@aol.com,bJV4Ckrp,27
251,Rhea,Aredondo,718-560-9537,rhea_aredondo@cox.net,AdxhHv2m,23
252,Benedict,Sama,314-787-1588,bsama@cox.net,TMGD6by3,38
253,Alyce,Arias,209-317-1801,alyce@arias.org,x39Fhjtm,47
254,Heike,Berganza,973-936-5095,heike@gmail.com,JNL4UsmZ,127
255,Carey,Dopico,317-578-2453,carey_dopico@dopico.org,g2JfyMtL,44
256,Dottie,Hellickson,206-540-6076,dottie@hellickson.org,jDEG9v2b,174
257,Deandrea,Hughey,336-822-7652,deandrea@yahoo.com,FPxqE2MN,20
258,Kimberlie,Duenas,785-629-8542,kimberlie_duenas@yahoo.com,Xgh58tU2,25
259,Martina,Staback,407-471-6908,martina_staback@staback.com,aKw5BMhx,29
260,Skye,Fillingim,612-508-2655,skye_fillingim@yahoo.com,Xdq78h4T,152
261,Jade,Farrar,803-352-5387,jade.farrar@yahoo.com,q2UKnwLG,53
262,Charlene,Hamilton,707-300-1771,charlene.hamilton@hotmail.com,LGDjU7Vz,57
263,Geoffrey,Acey,847-222-1734,geoffrey@gmail.com,pFKX3HTU,210
264,Stevie,Westerbeck,949-867-4077,stevie.westerbeck@yahoo.com,4Q5aABmY,56
265,Pamella,Fortino,303-404-2210,pamella@fortino.com,Y2ZvqdC7,163
266,Harrison,Haufler,203-801-6193,hhaufler@hotmail.com,3BURyCHn,180
267,Johnna,Engelberg,425-986-7573,jengelberg@engelberg.org,wc8FYQTt,57
268,Buddy,Cloney,440-989-5826,buddy.cloney@yahoo.com,Hkb3zSTn,129
269,Dalene,Riden,603-315-6839,dalene.riden@aol.com,deDq54Z6,29
270,Jerry,Zurcher,321-518-5938,jzurcher@zurcher.org,DgRdCm4x,40
271,Haydee,Denooyer,212-792-8658,hdenooyer@denooyer.org,HTMp782q,43
272,Joseph,Cryer,714-584-2237,joseph_cryer@cox.net,Y68esZuP,31
273,Deonna,Kippley,248-913-4677,deonna_kippley@hotmail.com,EFUkL4tR,55
274,Raymon,Calvaresi,317-825-4724,raymon.calvaresi@gmail.com,NJXfE4UD,1346
275,Alecia,Bubash,940-276-7922,alecia@aol.com,9uQesc6d,403
276,Ma,Layous,203-721-3388,mlayous@hotmail.com,tG3gQS7f,41
277,Detra,Coyier,410-739-9277,detra@aol.com,XtHr3YmM,28
278,Terrilyn,Rodeigues,504-463-4384,terrilyn.rodeigues@cox.net,FcUXtBz6,20
279,Salome,Lacovara,804-550-5097,slacovara@gmail.com,Axu39Nga,176
280,Garry,Keetch,215-979-8776,garry_keetch@hotmail.com,8mX2ewnp,196
281,Matthew,Neither,952-651-7597,mneither@yahoo.com,s9AV8Jvq,21
282,Theodora,Restrepo,305-936-8226,theodora.restrepo@restrepo.com,7xkwvC82,237
283,Noah,Kalafatis,414-263-5287,noah.kalafatis@aol.com,Bv35pjMz,35
284,Carmen,Sweigard,732-941-2621,csweigard@sweigard.com,AZL4xP5M,88
285,Lavonda,Hengel,701-898-2154,lavonda@cox.net,th52FRS7,36
286,Junita,Stoltzman,775-638-9963,junita@aol.com,DVyAh3af,106
287,Herminia,Nicolozakes,602-954-5141,herminia@nicolozakes.org,M8HrFVUL,152
288,Casie,Good,615-390-2251,casie.good@aol.com,WCuQMN87,1055
289,Reena,Maisto,410-351-1863,reena@hotmail.com,kHPAdzu5,24
290,Mirta,Mallett,212-870-1286,mirta_mallett@gmail.com,eJ7q4CSt,267
291,Cathrine,Pontoriero,806-703-1435,cathrine.pontoriero@pontoriero.com,fkyvgh7N,31
292,Filiberto,Tawil,323-765-2528,ftawil@hotmail.com,u23wKsmL,446
293,Raul,Upthegrove,619-509-5282,rupthegrove@yahoo.com,As269Kht,21
294,Sarah,Candlish,770-732-1194,sarah.candlish@gmail.com,Aas2rjGW,437
295,Lucy,Treston,508-769-5250,lucy@cox.net,a6L98vFR,41
296,Judy,Aquas,269-756-7222,jaquas@aquas.com,pv5ecYyn,27
297,Yvonne,Tjepkema,973-714-1721,yvonne.tjepkema@hotmail.com,sgyW92dt,72
298,Kayleigh,Lace,337-740-9323,kayleigh.lace@yahoo.com,zWF9qcfj,939
299,Felix,Hirpara,717-491-5643,felix_hirpara@cox.net,es5NVK9h,23
300,Tresa,Sweely,314-359-9566,tresa_sweely@hotmail.com,m4KvRhP2,32
301,Kristeen,Turinetti,817-213-8851,kristeen@gmail.com,XWt9C2FN,114
302,Jenelle,Regusters,813-932-8715,jregusters@regusters.com,p8zXVEMd,32
303,Renea,Monterrubio,770-679-4752,renea@hotmail.com,S9anr8Xv,53
304,Olive,Matuszak,760-938-6069,olive@aol.com,6asZGcHM,216
305,Ligia,Reiber,517-906-1108,lreiber@cox.net,fF2yshrg,677
306,Christiane,Eschberger,602-390-4944,christiane.eschberger@yahoo.com,2PB9G4Lu,112
307,Goldie,Schirpke,207-295-7569,goldie.schirpke@yahoo.com,AcPkJC37,975
308,Loreta,Timenez,301-696-6420,loreta.timenez@hotmail.com,x5qVB49F,115
309,Fabiola,Hauenstein,717-809-3119,fabiola.hauenstein@hauenstein.org,92Rnkm5v,103
310,Amie,Perigo,972-419-7946,amie.perigo@yahoo.com,B8yH3vPV,64
311,Raina,Brachle,406-318-1515,raina.brachle@brachle.org,ctPY2DR8,28
312,Erinn,Canlas,973-767-3008,erinn.canlas@canlas.com,QPk7rKLg,223
313,Cherry,Lietz,248-980-6904,cherry@lietz.com,ARgnW98S,340
314,Kattie,Vonasek,216-923-3715,kattie@vonasek.org,p5UNY26L,128
315,Lilli,Scriven,325-631-1560,lilli@aol.com,GA8fgM6D,33
316,Whitley,Tomasulo,817-526-4408,whitley.tomasulo@aol.com,ecAj4zyf,53
317,Barbra,Adkin,718-201-3751,badkin@hotmail.com,52P4vNet,189
318,Hermila,Thyberg,401-893-4882,hermila_thyberg@hotmail.com,vcKyts2P,879
319,Jesusita,Flister,717-885-9118,jesusita.flister@hotmail.com,T8z5Zu2p,35
320,Caitlin,Julia,401-948-4982,caitlin.julia@julia.org,9JY2PNdK,20
321,Roosevelt,Hoffis,305-622-4739,roosevelt.hoffis@aol.com,Hfy9GqTc,56
322,Helaine,Halter,201-832-4168,hhalter@yahoo.com,E7Yvegkf,107
323,Lorean,Martabano,210-856-4979,lorean.martabano@hotmail.com,n9F2chfK,98
324,France,Buzick,718-478-8504,france.buzick@yahoo.com,5k6RzwtU,21
325,Justine,Ferrario,909-993-3242,jferrario@hotmail.com,SKw7g4sM,270
326,Adelina,Nabours,216-230-4892,adelina_nabours@gmail.com,nKHP2pzQ,152
327,Derick,Dhamer,212-304-4515,ddhamer@cox.net,9fQn4GMK,48
328,Jerry,Dallen,804-762-9576,jerry.dallen@yahoo.com,uBGYbt9V,255
329,Leota,Ragel,706-221-4243,leota.ragel@gmail.com,9EYLjHXF,23
330,Jutta,Amyot,337-515-1438,jamyot@hotmail.com,fZWu8Bdg,247
331,Aja,Gehrett,973-544-2677,aja_gehrett@hotmail.com,vyTaf7QU,168
332,Kirk,Herritt,607-407-3716,kirk.herritt@aol.com,xy9EwBAH,267
333,Leonora,Mauson,973-412-2995,leonora@yahoo.com,eAJ5FLN8,25
334,Winfred,Brucato,208-252-4552,winfred_brucato@hotmail.com,37GRfsFL,154
335,Tarra,Nachor,415-411-1775,tarra.nachor@cox.net,gXR2HmLe,28
336,Corinne,Loder,508-942-4186,corinne@loder.org,LAKz7MnF,56
337,Dulce,Labreche,248-357-8718,dulce_labreche@yahoo.com,kpwbVmY2,77
338,Kate,Keneipp,920-353-6377,kate_keneipp@yahoo.com,Gu6bhtr8,39
339,Kaitlyn,Ogg,410-665-4903,kaitlyn.ogg@gmail.com,ykuTJHj4,371
340,Sherita,Saras,719-669-1664,sherita.saras@cox.net,vVb2Jtxh,28
341,Lashawnda,Stuer,419-588-8719,lstuer@cox.net,7WBEpbjU,52
342,Ernest,Syrop,301-998-9644,ernest@cox.net,f5DydMtU,66
343,Nobuko,Halsey,508-855-9887,nobuko.halsey@yahoo.com,4VDEjWXc,59
344,Lavonna,Wolny,703-483-1970,lavonna.wolny@hotmail.com,ezjC2XUW,69
345,Lashaunda,Lizama,410-678-2473,llizama@cox.net,Y7B4HTcG,62
346,Mariann,Bilden,512-223-4791,mariann.bilden@aol.com,d3YKnTC8,164
347,Helene,Rodenberger,623-461-8551,helene@aol.com,vKX4HCFg,45
348,Roselle,Estell,419-571-5920,roselle.estell@hotmail.com,Y4gQ8HRF,55
349,Samira,Heintzman,206-311-4137,sheintzman@hotmail.com,9vjpUPVL,37
350,Margart,Meisel,513-617-2362,margart_meisel@yahoo.com,n5Mx6wS3,40
351,Kristofer,Bennick,812-368-1511,kristofer.bennick@yahoo.com,Ln9EM6qQ,141
352,Weldon,Acuff,847-353-2156,wacuff@gmail.com,m5VLpADe,294
353,Shalon,Shadrick,718-232-2337,shalon@cox.net,H5yevRJt,90
354,Denise,Patak,407-446-4358,denise@patak.org,EC82fq6m,226
355,Louvenia,Beech,310-820-2117,louvenia.beech@beech.com,6sp4Ahvf,26
356,Audry,Yaw,813-797-4816,audry.yaw@yaw.org,Axr2XGpm,289
357,Kristel,Ehmann,915-452-1290,kristel.ehmann@aol.com,SwPLcG2R,383
358,Vincenza,Zepp,619-603-5125,vzepp@gmail.com,wtGSB7cR,41
359,Elouise,Gwalthney,301-841-5012,egwalthney@yahoo.com,YrBNWF5H,74
360,Venita,Maillard,714-523-6653,venita_maillard@gmail.com,HQ97sqhr,25
361,Kasandra,Semidey,314-732-9131,kasandra_semidey@semidey.com,3CJStp4R,97
362,Xochitl,Discipio,512-233-1831,xdiscipio@gmail.com,XZuCL6YP,109
363,Maile,Linahan,336-670-2640,mlinahan@yahoo.com,4dGCqmHW,30
364,Krissy,Rauser,631-443-4710,krauser@cox.net,g5fHp3aN,21
365,Pete,Dubaldi,201-825-2514,pdubaldi@hotmail.com,pgDAaSt4,277
366,Linn,Paa,901-412-4381,linn_paa@paa.com,5E7L4ZkT,31
367,Paris,Wide,404-505-4445,paris@hotmail.com,jV9S4FyA,185
368,Wynell,Dorshorst,650-473-1262,wynell_dorshorst@dorshorst.org,TypW6aMc,469
369,Quentin,Birkner,952-702-7993,qbirkner@aol.com,eAp4MQvq,129
370,Regenia,Kannady,480-726-1280,regenia.kannady@cox.net,D6d8kBb9,93
371,Sheron,Louissant,718-976-8610,sheron@aol.com,Yu2JT4ZS,41
372,Izetta,Funnell,770-844-3447,izetta.funnell@hotmail.com,EJCSKm3L,236
373,Rodolfo,Butzen,507-210-3510,rodolfo@hotmail.com,4yTKPNs5,100
374,Zona,Colla,203-461-1949,zona@hotmail.com,xbYBGq28,33
375,Serina,Zagen,260-273-3725,szagen@aol.com,9tKRfQWc,33
376,Paz,Sahagun,601-927-8287,paz_sahagun@cox.net,EyjN28dT,133
377,Markus,Lukasik,586-970-7380,markus@yahoo.com,nxZC3m2v,131
378,Jaclyn,Bachman,719-853-3600,jaclyn@aol.com,M6RVeFGb,48
379,Cyril,Daufeldt,212-745-8484,cyril_daufeldt@daufeldt.com,YbCA2DGe,36
380,Gayla,Schnitzler,510-686-3407,gschnitzler@gmail.com,8yrZseNa,1218
381,Erick,Nievas,773-704-9903,erick_nievas@aol.com,QjRd3M7k,474
382,Jennie,Drymon,570-218-4831,jennie@cox.net,9UbgYvq2,291
383,Mitsue,Scipione,530-986-9272,mscipione@scipione.com,Wt5dz3wB,34
384,Ciara,Ventura,845-823-8877,cventura@yahoo.com,Qp28u5XE,70
385,Galen,Cantres,216-600-6111,galen@yahoo.com,xrtk3CaM,201
386,Truman,Feichtner,973-852-2736,tfeichtner@yahoo.com,aSZv6PuL,68
387,Gail,Kitty,907-435-9166,gail@kitty.com,vyNCd35t,1027
388,Dalene,Schoeneck,215-268-1275,dalene@schoeneck.org,4ZPUFYtG,29
389,Gertude,Witten,513-977-7043,gertude.witten@gmail.com,3mZCLvfb,34
390,Lizbeth,Kohl,310-699-1222,lizbeth@yahoo.com,t9Dj5QP3,81
391,Glenn,Berray,515-370-7348,gberray@gmail.com,xmMYCj7G,386
392,Lashandra,Klang,610-809-1818,lashandra@yahoo.com,yRc25Xew,25
393,Lenna,Newville,919-623-2524,lnewville@newville.com,wTs95HvY,123
394,Laurel,Pagliuca,509-695-5199,laurel@yahoo.com,24dPEALv,23
395,Mireya,Frerking,914-868-5965,mireya.frerking@hotmail.com,VzvHCk7R,61
396,Annelle,Tagala,410-757-1035,annelle@yahoo.com,G6LusSfK,28
397,Dean,Ketelsen,516-847-4418,dean_ketelsen@gmail.com,LGh4px5F,23
398,Levi,Munis,508-456-4907,levi.munis@gmail.com,r9KCHA87,46
399,Sylvie,Ryser,918-644-9555,sylvie@aol.com,KdnJ3Aua,36
400,Sharee,Maile,231-467-9978,sharee_maile@aol.com,F3vEdXMq,43
401,Cordelia,Storment,337-566-6001,cordelia_storment@aol.com,vWktsr7e,72
402,Mollie,Mcdoniel,419-975-3182,mollie_mcdoniel@yahoo.com,jtSfr6HV,48
403,Brett,Mccullan,619-461-9984,brett.mccullan@mccullan.com,8PqdgUNx,34
404,Teddy,Pedrozo,203-892-3863,teddy_pedrozo@aol.com,qSjLkHE9,60
405,Tasia,Andreason,201-920-9002,tasia_andreason@yahoo.com,kYKcX8ta,120
406,Hubert,Walthall,330-903-1345,hubert@walthall.org,rVy38zu9,20
407,Arthur,Farrow,201-238-5688,arthur.farrow@yahoo.com,7rmkfgLw,22
408,Vilma,Berlanga,616-737-3085,vberlanga@berlanga.com,7tRuK5Jx,141
409,Billye,Miro,601-567-5386,billye_miro@cox.net,92UWH7xF,126
410,Glenna,Slayton,901-640-9178,glenna_slayton@cox.net,7KPbZfu9,167
411,Mitzie,Hudnall,303-402-1940,mitzie_hudnall@yahoo.com,bqrQ8VfT,127
412,Bernardine,Rodefer,901-901-4726,bernardine_rodefer@yahoo.com,AQKh52E9,102
413,Staci,Schmaltz,626-866-2339,staci_schmaltz@aol.com,8YwvNXqU,56
414,Nichelle,Meteer,773-225-9985,nichelle_meteer@meteer.com,8LEqYfg3,2698
415,Janine,Rhoden,718-228-5894,jrhoden@yahoo.com,C3GBbcwT,94
416,Ettie,Hoopengardner,509-755-5393,ettie.hoopengardner@hotmail.com,M4NeCf6y,51
417,Eden,Jayson,410-890-7866,eden_jayson@yahoo.com,8e7RsBPw,67
418,Lynelle,Auber,973-860-8610,lynelle_auber@gmail.com,gX6dBkwb,93
419,Merissa,Tomblin,562-579-6900,merissa.tomblin@gmail.com,FqjgKGz2,155
420,Golda,Kaniecki,732-628-9909,golda_kaniecki@yahoo.com,Nnm6jzH8,141
421,Catarina,Gleich,973-210-3994,catarina_gleich@hotmail.com,VSt3X2EW,37
422,Virgie,Kiel,303-776-7548,vkiel@hotmail.com,fxWhB6AT,93
423,Jolene,Ostolaza,757-682-7116,jolene@yahoo.com,a4e2hCVD,23
424,Keneth,Borgman,602-919-4211,keneth@yahoo.com,XQLDEF4k,138
425,Rikki,Nayar,305-968-9487,rikki@nayar.com,E7y9qkNV,306
426,Elke,Sengbusch,602-896-2993,elke_sengbusch@yahoo.com,3CWx4HAX,88
427,Hoa,Sarao,386-526-7800,hoa@sarao.org,bRmGv5SW,84
428,Trinidad,Mcrae,415-331-9634,trinidad_mcrae@yahoo.com,HpZEU5mn,300
429,Mari,Lueckenbach,858-793-9684,mari_lueckenbach@yahoo.com,MyakDm2b,58
430,Selma,Husser,201-991-8369,selma.husser@cox.net,hFdgAn7p,58
431,Antione,Onofrio,909-430-7765,aonofrio@onofrio.com,2X9ak4Ag,20
432,Luisa,Jurney,617-365-2134,ljurney@hotmail.com,2xPFwatJ,260
433,Clorinda,Heimann,760-291-5497,clorinda.heimann@hotmail.com,xYpDX4am,22
434,Dick,Wenzinger,310-510-9713,dick@yahoo.com,bVtR7e5W,233
435,Ahmed,Angalich,717-528-8996,ahmed.angalich@angalich.com,5yuDMZqk,42
436,Iluminada,Ohms,480-293-2882,iluminada.ohms@yahoo.com,SeX9tYEW,106
437,Joanna,Leinenbach,561-470-4574,joanna_leinenbach@hotmail.com,j8z2BQqf,122
438,Caprice,Suell,615-246-1824,caprice@aol.com,9PsC42UK,635
439,Stephane,Myricks,859-717-7638,stephane_myricks@cox.net,FpULgxR7,21
440,Quentin,Swayze,734-561-6170,quentin_swayze@yahoo.com,VRM6Aevr,33
441,Annmarie,Castros,936-751-7961,annmarie_castros@gmail.com,NDrEGAu7,45
442,Shonda,Greenbush,973-482-2430,shonda_greenbush@cox.net,rbkZ7wCa,20
443,Cecil,Lapage,201-693-3967,clapage@lapage.com,P8AMZzkj,37
444,Jeanice,Claucherty,305-988-4162,jeanice.claucherty@yahoo.com,h49YkBWK,42
445,Josphine,Villanueva,931-553-9774,josphine_villanueva@villanueva.com,3V6aJFvS,77
446,Daniel,Perruzza,714-771-3880,dperruzza@perruzza.com,FKjX8hSb,84
447,Cassi,Wildfong,847-633-3216,cassi.wildfong@aol.com,RwqM7pgJ,78
448,Britt,Galam,215-888-3304,britt@galam.org,dDwcX7AE,1864
449,Adell,Lipkin,973-654-1561,adell.lipkin@lipkin.com,pRvAbGz5,38
450,Jacqueline,Rowling,814-865-8113,jacqueline.rowling@yahoo.com,g4RCWuUE,51
451,Lonny,Weglarz,801-293-9853,lonny_weglarz@gmail.com,7jHSvXsk,34
452,Lonna,Diestel,910-922-3672,lonna_diestel@gmail.com,XTr2RAm9,202
453,Cristal,Samara,213-975-8026,cristal@cox.net,Yp7dtwNC,311
454,Kenneth,Grenet,517-499-2322,kenneth.grenet@grenet.org,7GzTBFej,45
455,Elli,Mclaird,315-818-2638,emclaird@mclaird.com,wau6AbcP,57
456,Alline,Jeanty,574-656-2800,ajeanty@gmail.com,ZbpvUXQ8,43
457,Sharika,Eanes,407-312-1691,sharika.eanes@aol.com,W49GrMy2,50
458,Nu,Mcnease,973-751-9003,nu@gmail.com,dVYj7c6a,59
459,Daniela,Comnick,609-200-8577,dcomnick@cox.net,StH6xCNv,26
460,Cecilia,Colaizzo,608-382-4541,cecilia_colaizzo@colaizzo.com,2N4qxWLC,82
461,Leslie,Threets,914-861-9748,leslie@cox.net,8TwGshB6,27
462,Nan,Koppinger,336-370-5333,nan@koppinger.com,CR8exHsz,455
463,Izetta,Dewar,410-473-1708,idewar@dewar.com,9AthQVjv,33
464,Tegan,Arceo,732-730-2692,tegan.arceo@arceo.org,YgCZSs67,138
465,Ruthann,Keener,830-258-2769,ruthann@hotmail.com,WyB3hvwr,115
466,Joni,Breland,847-519-5906,joni_breland@cox.net,823UeXGR,113
467,Vi,Rentfro,732-605-4781,vrentfro@cox.net,ehN4HVrm,22
468,Colette,Kardas,402-896-5943,colette.kardas@yahoo.com,KmCeyL4D,33
469,Malcolm,Tromblay,703-221-5602,malcolm_tromblay@cox.net,yfgu34qA,465
470,Ryan,Harnos,972-558-1665,ryan@cox.net,xfKJTPu2,80
471,Jess,Chaffins,212-510-4633,jess.chaffins@chaffins.org,DQ7NSKgq,28
472,Sharen,Bourbon,516-816-1541,sbourbon@yahoo.com,2TDxqL4V,29
473,Nickolas,Juvera,352-598-8301,nickolas_juvera@cox.net,dYMu6XtR,37
474,Gary,Nunlee,317-542-6023,gary_nunlee@nunlee.org,6MdLS24H,2108
475,Diane,Devreese,816-557-9673,diane@cox.net,R65AsjJ4,155
476,Roslyn,Chavous,601-234-9632,roslyn.chavous@chavous.org,7HdLqWUP,69
477,Glory,Schieler,325-869-2649,glory@yahoo.com,CpM8bczr,600
478,Rasheeda,Sayaphon,408-805-4309,rasheeda@aol.com,Qg92ahbE,22
479,Alpha,Palaia,856-312-2629,alpha@yahoo.com,J7V8BHnf,181
480,Refugia,Jacobos,510-974-8671,refugia.jacobos@jacobos.com,vVB8aRhY,836
481,Shawnda,Yori,407-538-5106,shawnda.yori@yahoo.com,5bgKyEQf,31
482,Mona,Delasancha,307-403-1488,mdelasancha@hotmail.com,4z9gbPpE,128
483,Gilma,Liukko,516-393-9967,gilma_liukko@gmail.com,9rJVnbkK,728
484,Janey,Gabisi,608-967-7194,jgabisi@hotmail.com,Tm7XYCJV,275
485,Lili,Paskin,201-431-2989,lili.paskin@cox.net,Npg5JEju,23
486,Loren,Asar,570-648-3035,loren.asar@aol.com,kdS3YurJ,56
487,Dorothy,Chesterfield,858-617-7834,dorothy@cox.net,PmtjCsN7,56
488,Gail,Similton,760-616-5388,gail_similton@similton.com,ZKeP9QnX,111
489,Catalina,Tillotson,609-373-3332,catalina@hotmail.com,nJYcDV5Q,648
490,Lawrence,Lorens,401-465-6432,lawrence.lorens@hotmail.com,cA53e2FJ,113
491,Carlee,Boulter,785-347-1805,carlee.boulter@hotmail.com,HL8ZFcM5,64
492,Thaddeus,Ankeny,916-920-3571,tankeny@ankeny.org,TsApe92P,121
493,Jovita,Oles,386-248-4118,joles@gmail.com,yeRu9a6S,61
494,Alesia,Hixenbaugh,202-646-7516,alesia_hixenbaugh@hixenbaugh.org,K52xkA4q,22
495,Lai,Harabedian,415-423-3294,lai@gmail.com,tH5b8jNF,265
496,Brittni,Gillaspie,208-709-1235,bgillaspie@gillaspie.com,StH5byCQ,29
497,Raylene,Kampa,574-499-1454,rkampa@kampa.org,5RGA7DHd,51
498,Flo,Bookamer,308-726-2182,flo.bookamer@cox.net,P5AZW6yB,35
499,Jani,Biddy,206-711-6498,jbiddy@yahoo.com,XJs4cUAt,27
500,Chauncey,Motley,407-413-4842,chauncey_motley@aol.com,5yEYn4ts,86
501,Aleshia,Tomkiewicz,208-709-1236,atomkiewicz@hotmail.com,289e4j3F,45
502,Evan,Zigomalas,574-499-1455,evan.zigomalas@gmail.com,cd8NCGF9,35
503,France,Andrade,308-726-2183,france.andrade@hotmail.com,8f276S3Y,95
504,Ulysses,Mcwalters,206-711-6499,ulysses@hotmail.com,5yGefMHK,87
505,Tyisha,Veness,407-413-4843,tyisha.veness@hotmail.com,yfxd7RKM,31
506,Eric,Rampy,208-709-1237,erampy@rampy.co.uk,qBjJms9d,42
507,Marg,Grasmick,574-499-1456,marg@hotmail.com,SxwXK4Wa,21
508,Laquita,Hisaw,308-726-2184,laquita@yahoo.com,BYvxVq5j,24
509,Lura,Manzella,206-711-6500,lura@hotmail.com,bJdSCVp2,467
510,Yuette,Klapec,407-413-4844,yuette.klapec@klapec.co.uk,XQU84tM2,108
511,Fernanda,Writer,208-709-1238,fernanda@writer.co.uk,3tMqAzy5,52
512,Charlesetta,Erm,574-499-1457,charlesetta_erm@gmail.com,g5TMG6ju,50
513,Corrinne,Jaret,308-726-2185,corrinne_jaret@gmail.com,9SE3FveR,32
514,Niesha,Bruch,206-711-6501,niesha.bruch@yahoo.com,8hYExsjp,397
515,Rueben,Gastellum,407-413-4845,rueben_gastellum@gastellum.co.uk,jL3MEDv7,26
516,Michell,Throssell,208-709-1239,mthrossell@throssell.co.uk,LMqz46Jx,26
517,Edgar,Kanne,574-499-1458,edgar.kanne@yahoo.com,Fb4crBDA,400
518,Dewitt,Julio,308-726-2186,dewitt.julio@hotmail.com,9MaFJuV8,24
519,Charisse,Spinello,206-711-6502,charisse_spinello@spinello.co.uk,hJBeEg4a,26
520,Mee,Lapinski,407-413-4846,mee.lapinski@yahoo.com,qYbL5wxu,186
521,Peter,Gutierres,208-709-1240,peter_gutierres@yahoo.com,ntAPkhV8,40
522,Octavio,Salvadore,574-499-1459,octavio.salvadore@yahoo.com,QYykBAH7,200
523,Martha,Teplica,308-726-2187,mteplica@teplica.co.uk,ke2uxmAQ,75
524,Tamesha,Veigel,206-711-6503,tveigel@veigel.co.uk,H96xE5eh,131
525,Tess,Sitra,407-413-4847,tess_sitra@hotmail.com,42evqUaA,500
526,Leonard,Kufner,208-709-1241,lkufner@kufner.co.uk,3cawhL9K,58
527,Svetlana,Tauras,574-499-1460,svetlana_tauras@tauras.co.uk,raK9E8hv,167
528,Pok,Molaison,308-726-2188,pok@yahoo.com,k7XP9BnJ,73
529,Augustine,Growcock,206-711-6504,augustine.growcock@growcock.co.uk,P3uZCWVk,25
530,Karma,Quarto,407-413-4848,kquarto@gmail.com,LQMabn2h,27
531,Reed,Weisinger,208-709-1242,reed_weisinger@yahoo.com,GYVT3hUk,22
532,German,Zelaya,574-499-1461,german@hotmail.com,VvWhjec7,50
533,Milly,Savidge,308-726-2189,milly@gmail.com,7cZ3NRPu,38
534,Luis,Ear,206-711-6505,luis@hotmail.com,7YTxLHcR,520
535,Ciara,Cobbley,407-413-4849,ciara_cobbley@hotmail.com,P5DpeWj2,30
536,Alethea,Mould,208-709-1243,alethea@hotmail.com,hH5YVcWQ,40
537,Margurite,Loperfido,574-499-1462,mloperfido@gmail.com,Cq4d3stM,47
538,Vernice,Sperazza,308-726-2190,vernice@yahoo.com,59BgXFrJ,37
539,Vicente,Rawicki,206-711-6506,vicente_rawicki@hotmail.com,X5s87WL3,38
540,Craig,Cua,407-413-4850,craig@hotmail.com,8ZK5YkeV,42
541,Jenise,Dulle,208-709-1244,jenise.dulle@hotmail.com,yWzc24hY,87
542,Marylin,Cornelison,574-499-1463,marylin_cornelison@yahoo.com,9zVT35Jr,113
543,Marget,Gunst,308-726-2191,mgunst@yahoo.com,tVUupz4a,76
544,Annett,Bunselmeyer,206-711-6507,abunselmeyer@hotmail.com,C5zeDcyA,22
545,Kip,Turziano,407-413-4851,kip.turziano@yahoo.com,aNnLMfS6,23
546,Melina,Orizabal,208-709-1245,melina@gmail.com,jWS2eJUN,64
547,Tina,Clapham,574-499-1464,tclapham@gmail.com,r5EGQ4UP,21
548,Luisa,Devereux,308-726-2192,ldevereux@gmail.com,LvaU7PSD,26
549,Pedro,Aschoff,206-711-6508,paschoff@yahoo.com,W62pxL4s,21
550,Carrol,Kunimitsu,407-413-4852,carrol_kunimitsu@yahoo.com,DmB8aFyn,28
551,Alba,Mosseri,208-709-1246,alba@gmail.com,GP4WDfvK,123
552,Domonique,Sandlin,574-499-1465,domonique@hotmail.com,sVw7KT2C,188
553,Rory,Neufville,308-726-2193,rory_neufville@neufville.co.uk,XCvn2S4T,83
554,Dustin,Klingaman,206-711-6509,dklingaman@gmail.com,FDyt8G3r,89
555,Lyndia,Moonshower,407-413-4853,lyndia_moonshower@moonshower.co.uk,SHRsv7nL,578
556,Jules,Hiltner,208-709-1247,jules@yahoo.com,ZweR49Tu,32
557,Dong,Kopczynski,574-499-1466,dkopczynski@kopczynski.co.uk,qRJDfLs6,27
558,Justine,Salta,308-726-2194,justine_salta@yahoo.com,kVzctbG5,56
559,Chantay,Kamens,206-711-6510,ckamens@hotmail.com,Gxr39DWU,140
560,Tequila,Chisum,407-413-4854,tequila.chisum@chisum.co.uk,b4K36UhD,458
561,Maybelle,Consolazio,208-709-1248,mconsolazio@yahoo.com,AhXCv4Q7,505
562,Margarett,Bairo,574-499-1467,margarett@gmail.com,A72JPerm,231
563,Janessa,Noonon,308-726-2195,jnoonon@yahoo.com,py6QPLet,213
564,Sol,Cowser,206-711-6511,sol@gmail.com,LT8WmePg,157
565,Louann,Smethers,407-413-4855,louann@gmail.com,gjpvY2kD,29
566,Lindsay,Yadao,208-709-1249,lindsay_yadao@yadao.co.uk,hQrEX9H3,74
567,Malika,Hanton,574-499-1468,malika@gmail.com,MetkmGZ6,385
568,Stefany,Ferenz,308-726-2196,stefany@hotmail.com,FEj49Wmz,23
569,Abraham,Cratch,206-711-6512,acratch@gmail.com,6sCRVyHW,20
570,Giuseppe,Rohaley,407-413-4856,giuseppe@yahoo.com,zj4fevKu,191
571,Kiera,Bassil,208-709-1250,kbassil@bassil.co.uk,w6SRauYd,112
572,Wendell,Rubano,574-499-1469,wendell_rubano@hotmail.com,qjcJPQ32,155
573,Stevie,Stifflemire,308-726-2197,stevie_stifflemire@stifflemire.co.uk,re4LsWNp,299
574,Yun,Paletta,206-711-6513,yun_paletta@paletta.co.uk,tLsfg4SP,23
575,Brittani,Thurm,407-413-4857,bthurm@yahoo.com,5yM6nXLu,36
576,Billy,Venus,208-709-1251,billy.venus@yahoo.com,4qrbPMnV,20
577,Brynn,Elkan,574-499-1470,brynn@yahoo.com,NSc2UYwe,161
578,Elroy,Piehler,308-726-2198,epiehler@piehler.co.uk,r2Q4e8fA,27
579,Anisha,Shulick,206-711-6514,ashulick@yahoo.com,D4VGRBgC,73
580,Bettina,Kham,407-413-4858,bettina.kham@kham.co.uk,7Fh6frNs,436
581,Velda,Mancilla,208-709-1252,velda_mancilla@mancilla.co.uk,N289XVLr,40
582,Marta,Brace,574-499-1471,marta.brace@brace.co.uk,V6Dv28yS,56
583,Juan,Vanwyhe,308-726-2199,juan_vanwyhe@gmail.com,4bfjANSR,56
584,Lelia,Filion,206-711-6515,lelia.filion@filion.co.uk,jrXhR5LP,83
585,Una,Frankel,407-413-4859,ufrankel@hotmail.com,Z5D4KQhj,61
586,Eva,Joulwan,208-709-1253,eva.joulwan@gmail.com,5Xpe8Vfa,208
587,Mammie,Dormanen,574-499-1472,mammie_dormanen@hotmail.com,8tajX3qT,165
588,Jeannetta,Coolidge,308-726-2200,jeannetta_coolidge@gmail.com,Nr9Aup4Z,56
589,Elbert,Drawe,206-711-6516,edrawe@drawe.co.uk,KB3DzxuF,40
590,Lenny,Gazzola,407-413-4860,lenny.gazzola@yahoo.com,wVp9RvQH,728
591,Mira,Alpheaus,208-709-1254,mira.alpheaus@yahoo.com,jxaYSZV4,54
592,Cathern,Ungar,574-499-1473,cathern.ungar@ungar.co.uk,3TBh5gRJ,94
593,Malcom,Fleckles,308-726-2201,malcom.fleckles@gmail.com,7krEuDKM,103
594,Monroe,Damato,206-711-6517,mdamato@damato.co.uk,kAxsu8TQ,232
595,Leota,Fletchen,407-413-4861,lfletchen@gmail.com,jXydg4pf,20
596,Berry,Gutoski,208-709-1255,berry@gmail.com,pvs75FAG,411
597,Meghan,Riherd,574-499-1474,meghan@riherd.co.uk,RMjaUe9v,443
598,Mike,Torner,308-726-2202,mike_torner@torner.co.uk,w8PvGSzm,21
599,Elsa,Delisle,206-711-6518,elsa_delisle@gmail.com,BVukfc3s,2478
600,Linwood,Rosenlof,407-413-4862,linwood.rosenlof@yahoo.com,MZjPmDF2,763
601,Latosha,Alexy,208-709-1256,latosha@yahoo.com,Sj9eVJCs,101
602,Alexia,Meenan,574-499-1475,alexia.meenan@meenan.co.uk,vMk9wm8H,135
603,Graham,Stanwick,308-726-2203,gstanwick@gmail.com,R4X8v6tc,943
604,Elinore,Fulda,206-711-6519,elinore.fulda@fulda.co.uk,b9ScJaGY,100
605,Lisbeth,Creecy,407-413-4863,lcreecy@gmail.com,Cdc6jA7K,221
606,Eloisa,Faurote,208-709-1257,eloisa.faurote@hotmail.com,HcNjxK7X,1115
607,Shawana,Cantua,574-499-1476,shawana@yahoo.com,LwtCsg8Q,187
608,Alyssa,Ansbro,308-726-2204,alyssa_ansbro@gmail.com,Dezd2gUE,831
609,Kyoko,Mcmillian,206-711-6520,kyoko_mcmillian@gmail.com,m3fvt4Bq,37
610,Terry,Gauthier,407-413-4864,tgauthier@yahoo.com,2n9UmPfH,1302
611,trupti,langalia,0,truptidl0101@gmail.com,trups0101,0
612,Dang,Phong,0,dangphong1520@gmail.com,Dangphong9919,0
613,Dang,Xuan ,0,dangphong1520@gmail.com,Dangphong9919,0
614,Dang,Nam,0,dangphong1520@gmail.com,0903211091LM,0
615,Dang,Xuan Nam ,0,dangphong1520@gmail.com,Dangphong9919,0
616,Dang,Xuan ,0,dangphong1520@gmail.com,123,0
617,Tran,Duc Bo,0,Nambd@gmail.com,123,0
618,Nguyen,Hue,0,nguyenhue15041999@gmail.com,123,0
